{"stats":{"minecraft:custom":{"minecraft:jump":9,"minecraft:time_since_rest":16194,"minecraft:damage_dealt":10,"minecraft:walk_on_water_one_cm":590,"minecraft:play_time":16194,"minecraft:time_since_death":16194,"minecraft:walk_one_cm":3271,"minecraft:total_world_time":16194,"minecraft:fly_one_cm":41},"minecraft:used":{"twilightforest:fire_beetle_spawn_egg":1,"minecraft:water_bucket":1,"lootr:trophy":3,"twilightforest:magic_painting":2,"minecraft:grass_block":10},"minecraft:picked_up":{"minecraft:wheat_seeds":1}},"DataVersion":3465}