{"stats":{"minecraft:custom":{"minecraft:time_since_rest":28194,"minecraft:crouch_one_cm":119,"minecraft:play_time":28194,"minecraft:walk_one_cm":7280,"minecraft:sneak_time":121,"minecraft:drop":2,"minecraft:jump":16,"minecraft:damage_dealt":10,"minecraft:time_since_death":28194,"minecraft:walk_on_water_one_cm":590,"minecraft:total_world_time":28194,"minecraft:fly_one_cm":68},"minecraft:used":{"twilightforest:ur_ghast_trophy":1,"minecraft:water_bucket":1,"twilightforest:fire_beetle_spawn_egg":1,"minecraft:flint_and_steel":5,"twilightforest:magic_painting":2,"minecraft:grass_block":11,"stalwart_dungeons:obsidian_striker":1,"supplementaries:clock_block":1,"minecraft:end_portal_frame":14,"lootr:trophy":3,"twilightforest:twilight_portal_miniature_structure":1,"minecraft:obsidian":2},"minecraft:picked_up":{"minecraft:wheat_seeds":1},"minecraft:dropped":{"stalwart_dungeons:awful_gun":1,"botania:cosmetic_googly_eyes":1}},"DataVersion":3465}