{"stats":{"minecraft:custom":{"minecraft:time_since_rest":40194,"minecraft:crouch_one_cm":446,"minecraft:sprint_one_cm":83,"minecraft:play_time":40194,"minecraft:walk_one_cm":12297,"minecraft:sneak_time":568,"minecraft:mob_kills":3,"minecraft:drop":3,"minecraft:jump":34,"minecraft:damage_dealt":810,"minecraft:time_since_death":40194,"minecraft:walk_on_water_one_cm":590,"minecraft:total_world_time":40194,"minecraft:fly_one_cm":51310},"minecraft:killed":{"minecraft:ender_dragon":1,"minecraft:enderman":2},"minecraft:used":{"twilightforest:ur_ghast_trophy":1,"minecraft:water_bucket":1,"twilightforest:fire_beetle_spawn_egg":1,"minecraft:ender_eye":12,"minecraft:diamond_sword":28,"minecraft:flint_and_steel":7,"twilightforest:magic_painting":2,"minecraft:grass_block":41,"stalwart_dungeons:obsidian_striker":2,"supplementaries:clock_block":1,"minecraft:end_portal_frame":23,"lootr:trophy":3,"twilightforest:twilight_portal_miniature_structure":1,"minecraft:obsidian":2},"minecraft:picked_up":{"minecraft:wheat_seeds":1,"paraglider:heart_container":1},"minecraft:dropped":{"stalwart_dungeons:awful_gun":1,"botania:cosmetic_googly_eyes":1,"minecraft:end_portal_frame":1}},"DataVersion":3465}