{"stats":{"minecraft:custom":{"minecraft:time_since_rest":51503,"minecraft:sprint_one_cm":441,"minecraft:walk_one_cm":30417,"minecraft:mob_kills":20,"minecraft:drop":3,"minecraft:damage_dealt":15548,"minecraft:fly_one_cm":59848,"minecraft:open_chest":6,"minecraft:crouch_one_cm":1590,"minecraft:play_time":51503,"minecraft:sneak_time":1104,"minecraft:jump":48,"minecraft:leave_game":1,"minecraft:walk_on_water_one_cm":590,"minecraft:time_since_death":51503,"minecraft:total_world_time":51503,"lootr:looted_stat":1},"minecraft:killed":{"twilightforest:fire_beetle":1,"twilightforest:carminite_broodling":1,"twilightforest:snow_queen":1,"twilightforest:deer":1,"call_of_yucutan:golden_guard":1,"twilightforest:naga":1,"twilightforest:carminite_ghastling":1,"twilightforest:alpha_yeti":2,"call_of_yucutan:chaac":1,"mowziesmobs:umvuthi":1,"minecraft:ender_dragon":1,"twilightforest:hydra":1,"twilightforest:giant_miner":1,"mowziesmobs:frostmaw":1,"minecraft:enderman":2,"twilightforest:bighorn_sheep":1,"call_of_yucutan:ahaw":1,"twilightforest:adherent":1},"minecraft:used":{"twilightforest:ur_ghast_trophy":1,"call_of_yucutan:golden_guard_spawn_egg":1,"twilightforest:fire_beetle_spawn_egg":2,"twilightforest:squirrel_spawn_egg":1,"minecraft:water_bucket":1,"minecraft:ender_eye":12,"minecraft:flint_and_steel":7,"twilightforest:adherent_spawn_egg":1,"minecraft:grass_block":41,"supplementaries:clock_block":1,"lootr:trophy":4,"sons_of_sins:gulber_spawn_egg":1,"twilightforest:twilight_portal_miniature_structure":1,"mowziesmobs:umvuthi_spawn_egg":1,"sons_of_sins:kelvin_spawn_egg":2,"twilightforest:alpha_yeti_spawn_egg":1,"mowziesmobs:umvuthana_crane_spawn_egg":1,"twilightforest:tiny_bird_spawn_egg":1,"twilightforest:hostile_wolf_spawn_egg":3,"mowziesmobs:naga_spawn_egg":1,"twilightforest:carminite_ghastling_spawn_egg":1,"minecraft:diamond_sword":76,"sons_of_sins:nibbler_spawn_egg":1,"mowziesmobs:lantern_spawn_egg":4,"mowziesmobs:frostmaw_spawn_egg":1,"call_of_yucutan:ahaw_spawn_egg":1,"twilightforest:magic_painting":2,"stalwart_dungeons:obsidian_striker":2,"twilightforest:naga_spawn_egg":1,"sons_of_sins:guzzler_spawn_egg":3,"mowziesmobs:grottol_spawn_egg":1,"minecraft:end_portal_frame":23,"sons_of_sins:devourer_spawn_egg":1,"call_of_yucutan:chaac_spawn_egg":1,"twilightforest:wraith_spawn_egg":2,"twilightforest:snow_queen_spawn_egg":1,"sons_of_sins:curse_spawn_egg":1,"sons_of_sins:grub_spawn_egg":1,"minecraft:obsidian":2},"minecraft:picked_up":{"minecraft:book":1,"twilightforest:giant_pickaxe":1,"paraglider:heart_container":1,"minecraft:gunpowder":2,"minecraft:string":2,"minecraft:paper":1,"minecraft:wheat_seeds":1,"twilightforest:torchberries":1,"twilightforest:armor_shard":2},"minecraft:dropped":{"stalwart_dungeons:awful_gun":1,"botania:cosmetic_googly_eyes":1,"minecraft:end_portal_frame":1}},"DataVersion":3465}