{"stats":{"minecraft:custom":{"minecraft:time_since_rest":26410,"minecraft:crouch_one_cm":71,"minecraft:play_time":26410,"minecraft:sprint_one_cm":1004,"minecraft:damage_taken":250,"minecraft:walk_one_cm":26140,"minecraft:sneak_time":786,"minecraft:mob_kills":4,"minecraft:jump":73,"minecraft:damage_dealt":2599,"minecraft:time_since_death":26410,"minecraft:total_world_time":26410,"minecraft:fly_one_cm":125519},"minecraft:killed":{"stalwart_dungeons:awful_ghast":1,"mowziesmobs:umvuthana_follower_player":1,"minecraft:enderman":1},"minecraft:used":{"nethersdelight:netherite_machete":22,"twilightforest:magic_painting":32,"minecraft:end_portal_frame":18,"stalwart_dungeons:awful_ghast_spawn_egg":1,"alexsmobs:animal_dictionary":1,"supplementaries:statue":2,"stalwart_dungeons:tungsten_hammer":17,"mowziesmobs:sol_visage":1},"minecraft:picked_up":{"minecraft:ghast_tear":3,"stalwart_dungeons:awful_crystal":4,"botania:cosmetic_googly_eyes":1,"minecraft:end_portal_frame":1,"stalwart_dungeons:awful_gun":2}},"DataVersion":3465}