{"stats":{"minecraft:custom":{"lootr:looted_stat":1,"minecraft:time_since_rest":37336,"minecraft:damage_taken":250,"minecraft:sprint_one_cm":1004,"minecraft:walk_one_cm":49110,"minecraft:mob_kills":20,"minecraft:damage_dealt":5785,"minecraft:fly_one_cm":169885,"minecraft:open_chest":5,"minecraft:crouch_one_cm":407,"minecraft:play_time":37336,"minecraft:sneak_time":1044,"minecraft:jump":93,"minecraft:leave_game":1,"minecraft:time_since_death":37336,"minecraft:total_world_time":37336},"minecraft:killed":{"twilightforest:carminite_broodling":1,"twilightforest:fire_beetle":1,"mowziesmobs:grottol":1,"twilightforest:armored_giant":1,"mowziesmobs:umvuthana_follower_player":1,"twilightforest:death_tome":1,"stalwart_dungeons:awful_ghast":1,"twilightforest:ice_crystal":1,"twilightforest:harbinger_cube":1,"minecraft:enderman":1},"minecraft:used":{"twilightforest:hydra_spawn_egg":1,"twilightforest:fire_beetle_spawn_egg":1,"twilightforest:naga_trophy":1,"twilightforest:carminite_ghastguard_spawn_egg":1,"twilightforest:harbinger_cube_spawn_egg":1,"twilightforest:hedge_spider_spawn_egg":1,"twilightforest:bighorn_sheep_spawn_egg":1,"twilightforest:deer_spawn_egg":1,"twilightforest:adherent_spawn_egg":2,"twilightforest:death_tome_spawn_egg":2,"twilightforest:kobold_spawn_egg":1,"twilightforest:carminite_broodling_spawn_egg":1,"stalwart_dungeons:awful_ghast_spawn_egg":1,"twilightforest:knight_phantom_spawn_egg":2,"mowziesmobs:sol_visage":1,"twilightforest:alpha_yeti_trophy":2,"twilightforest:armored_giant_spawn_egg":1,"twilightforest:blockchain_goblin_spawn_egg":1,"twilightforest:alpha_yeti_spawn_egg":1,"twilightforest:boar_spawn_egg":1,"twilightforest:hostile_wolf_spawn_egg":1,"twilightforest:dwarf_rabbit_spawn_egg":1,"twilightforest:carminite_ghastling_spawn_egg":1,"twilightforest:helmet_crab_spawn_egg":1,"twilightforest:carminite_golem_spawn_egg":1,"nethersdelight:netherite_machete":22,"twilightforest:giant_miner_spawn_egg":1,"twilightforest:magic_painting":32,"twilightforest:ice_crystal_spawn_egg":1,"alexsmobs:animal_dictionary":1,"minecraft:end_portal_frame":18,"supplementaries:statue":2,"twilightforest:king_spider_spawn_egg":1,"stalwart_dungeons:tungsten_hammer":60},"minecraft:picked_up":{"minecraft:book":1,"minecraft:ghast_tear":4,"stalwart_dungeons:awful_crystal":4,"minecraft:brown_wool":1,"minecraft:end_portal_frame":1,"minecraft:gunpowder":2,"stalwart_dungeons:awful_gun":2,"minecraft:paper":8,"twilightforest:giant_sword":1,"botania:cosmetic_googly_eyes":1}},"DataVersion":3465}