{"stats":{"minecraft:custom":{"minecraft:jump":46,"minecraft:time_since_rest":14410,"minecraft:crouch_one_cm":2,"minecraft:damage_dealt":599,"minecraft:sprint_one_cm":501,"minecraft:play_time":14410,"minecraft:damage_taken":250,"minecraft:time_since_death":14410,"minecraft:walk_one_cm":15275,"minecraft:sneak_time":393,"minecraft:total_world_time":14410,"minecraft:mob_kills":3,"minecraft:fly_one_cm":15657},"minecraft:killed":{"mowziesmobs:umvuthana_follower_player":1,"minecraft:enderman":1},"minecraft:used":{"stalwart_dungeons:awful_ghast_spawn_egg":1,"supplementaries:statue":2,"alexsmobs:animal_dictionary":1,"nethersdelight:netherite_machete":9,"mowziesmobs:sol_visage":1},"minecraft:picked_up":{"botania:cosmetic_googly_eyes":1,"stalwart_dungeons:awful_gun":1}},"DataVersion":3465}