{
  "twilightforest:recipes/combat/equipment/fiery_fiery_boots": {
    "criteria": {
      "has_item": "2024-11-17 21:10:08 +0000"
    },
    "done": true
  },
  "deeperdarker:recipes/transportation/echo_boat": {
    "criteria": {
      "in_water": "2024-11-17 20:40:32 +0000"
    },
    "done": true
  },
  "twilightforest:recipes/misc/ur_ghast_banner_pattern": {
    "criteria": {
      "has_trophy": "2024-11-17 20:45:50 +0000"
    },
    "done": true
  },
  "twilightforest:progress_merge": {
    "criteria": {
      "snow_queen": "2024-11-17 21:07:16 +0000"
    },
    "done": false
  },
  "botania:recipes/tools/itemfinder": {
    "criteria": {
      "has_item": "2024-11-17 20:52:50 +0000"
    },
    "done": true
  },
  "supplementaries:recipes/spring_launcher": {
    "criteria": {
      "has_gunpowder": "2024-11-17 21:09:30 +0000"
    },
    "done": true
  },
  "botania:main/bauble_wear": {
    "criteria": {
      "code_triggered": "2024-11-17 20:53:00 +0000"
    },
    "done": true
  },
  "supplementaries:recipes/soap": {
    "criteria": {
      "has_water_bucket": "2024-11-17 20:40:27 +0000"
    },
    "done": true
  },
  "deeperdarker:recipes/transportation/bloom_boat": {
    "criteria": {
      "in_water": "2024-11-17 20:40:32 +0000"
    },
    "done": true
  },
  "minecraft:recipes/decorations/end_crystal": {
    "criteria": {
      "has_ender_eye": "2024-11-17 20:52:50 +0000"
    },
    "done": true
  },
  "twilightforest:recipes/misc/magic_map_focus": {
    "criteria": {
      "has_berries": "2024-11-17 21:12:21 +0000"
    },
    "done": true
  },
  "sosorgans:grant_book_on_first_join": {
    "criteria": {
      "tick": "2024-11-17 20:30:15 +0000"
    },
    "done": true
  },
  "minecraft:recipes/decorations/crafting_table": {
    "criteria": {
      "unlock_right_away": "2024-11-17 20:30:15 +0000"
    },
    "done": true
  },
  "minecraft:recipes/decorations/chest": {
    "criteria": {
      "has_lots_of_items": "2024-11-17 20:48:05 +0000"
    },
    "done": true
  },
  "minecraft:recipes/redstone/lectern": {
    "criteria": {
      "has_book": "2024-11-17 21:08:15 +0000"
    },
    "done": true
  },
  "minecraft:recipes/transportation/cherry_boat": {
    "criteria": {
      "in_water": "2024-11-17 20:40:32 +0000"
    },
    "done": true
  },
  "minecraft:adventure/kill_all_mobs": {
    "criteria": {
      "minecraft:ender_dragon": "2024-11-17 21:02:15 +0000",
      "minecraft:enderman": "2024-11-17 21:02:55 +0000"
    },
    "done": false
  },
  "twilightforest:progress_glacier": {
    "criteria": {
      "previous_progression": "2024-11-17 21:07:16 +0000",
      "queen": "2024-11-17 21:05:52 +0000",
      "trophy": "2024-11-17 21:05:55 +0000",
      "was_in_fight": "2024-11-17 21:05:52 +0000"
    },
    "done": true
  },
  "mowziesmobs:root": {
    "criteria": {
      "custom_test_name": "2024-11-17 20:30:15 +0000"
    },
    "done": true
  },
  "twilightforest:recipes/misc/hydra_banner_pattern": {
    "criteria": {
      "has_trophy": "2024-11-17 21:10:07 +0000"
    },
    "done": true
  },
  "minecraft:recipes/redstone/tripwire_hook": {
    "criteria": {
      "has_string": "2024-11-17 21:06:47 +0000"
    },
    "done": true
  },
  "minecraft:recipes/transportation/bamboo_raft": {
    "criteria": {
      "in_water": "2024-11-17 20:40:32 +0000"
    },
    "done": true
  },
  "supplementaries:recipes/bomb": {
    "criteria": {
      "has_string": "2024-11-17 21:06:47 +0000"
    },
    "done": true
  },
  "minecraft:recipes/misc/writable_book": {
    "criteria": {
      "has_book": "2024-11-17 21:08:15 +0000"
    },
    "done": true
  },
  "minecraft:recipes/decorations/candle": {
    "criteria": {
      "has_string": "2024-11-17 21:06:47 +0000"
    },
    "done": true
  },
  "twilightforest:recipes/misc/snow_queen_banner_pattern": {
    "criteria": {
      "has_trophy": "2024-11-17 21:05:55 +0000"
    },
    "done": true
  },
  "botania:recipes/redstone/ender_eye_block": {
    "criteria": {
      "has_item": "2024-11-17 20:52:50 +0000"
    },
    "done": true
  },
  "twilightforest:progress_lich": {
    "criteria": {
      "twilight_scepter": "2024-11-17 20:56:14 +0000",
      "kill_naga": "2024-11-17 21:07:16 +0000"
    },
    "done": true
  },
  "lootr:social": {
    "criteria": {
      "opened_chest": "2024-11-17 21:10:53 +0000"
    },
    "done": false
  },
  "botania:recipes/tools/ender_hand": {
    "criteria": {
      "has_alt_item": "2024-11-17 20:52:50 +0000"
    },
    "done": true
  },
  "twilightforest:recipes/combat/equipment/fiery_iron_sword": {
    "criteria": {
      "has_item": "2024-11-17 21:10:08 +0000"
    },
    "done": true
  },
  "twilightforest:progress_knights": {
    "criteria": {
      "was_in_fight": "2024-11-17 21:10:46 +0000"
    },
    "done": false
  },
  "dungeons_arise:wda_root": {
    "criteria": {
      "WDA": "2024-11-17 20:30:15 +0000"
    },
    "done": true
  },
  "botania:recipes/tools/lexicon": {
    "criteria": {
      "has_alt_item": "2024-11-17 21:08:15 +0000"
    },
    "done": true
  },
  "twilightforest:recipes/combat/equipment/fiery_fiery_leggings": {
    "criteria": {
      "has_item": "2024-11-17 21:10:08 +0000"
    },
    "done": true
  },
  "twilightforest:recipes/combat/equipment/twilight_scepter": {
    "criteria": {
      "has_item": "2024-11-17 20:56:14 +0000"
    },
    "done": true
  },
  "supplementaries:recipes/slingshot": {
    "criteria": {
      "has_string": "2024-11-17 21:06:47 +0000"
    },
    "done": true
  },
  "minecraft:story/form_obsidian": {
    "criteria": {
      "obsidian": "2024-11-17 20:51:25 +0000"
    },
    "done": true
  },
  "supplementaries:recipes/candy": {
    "criteria": {
      "has_paper": "2024-11-17 21:08:16 +0000"
    },
    "done": true
  },
  "securitycraft:recipes/misc/protecto": {
    "criteria": {
      "has_ender_eye": "2024-11-17 20:52:50 +0000"
    },
    "done": true
  },
  "twilightforest:progress_naga": {
    "criteria": {
      "naga": "2024-11-17 21:07:16 +0000"
    },
    "done": true
  },
  "minecraft:recipes/brewing/cauldron": {
    "criteria": {
      "has_water_bucket": "2024-11-17 20:40:27 +0000"
    },
    "done": true
  },
  "minecraft:recipes/transportation/acacia_boat": {
    "criteria": {
      "in_water": "2024-11-17 20:40:32 +0000"
    },
    "done": true
  },
  "minecraft:adventure/root": {
    "criteria": {
      "killed_something": "2024-11-17 21:02:15 +0000"
    },
    "done": true
  },
  "minecraft:recipes/combat/crossbow": {
    "criteria": {
      "has_string": "2024-11-17 21:06:47 +0000"
    },
    "done": true
  },
  "betterdungeons:root": {
    "criteria": {
      "always": "2024-11-17 20:30:15 +0000"
    },
    "done": true
  },
  "supplementaries:recipes/present": {
    "criteria": {
      "has_paper": "2024-11-17 21:08:16 +0000"
    },
    "done": true
  },
  "minecraft:recipes/misc/firework_rocket_simple": {
    "criteria": {
      "has_gunpowder": "2024-11-17 21:09:30 +0000"
    },
    "done": true
  },
  "supplementaries:recipes/sack": {
    "criteria": {
      "has_string": "2024-11-17 21:06:47 +0000"
    },
    "done": true
  },
  "minecraft:recipes/decorations/ender_chest": {
    "criteria": {
      "has_ender_eye": "2024-11-17 20:52:50 +0000"
    },
    "done": true
  },
  "minecraft:recipes/misc/ice_from_freezing": {
    "criteria": {
      "has_water": "2024-11-17 20:40:27 +0000"
    },
    "done": true
  },
  "minecraft:recipes/transportation/jungle_boat": {
    "criteria": {
      "in_water": "2024-11-17 20:40:32 +0000"
    },
    "done": true
  },
  "minecraft:story/enter_the_end": {
    "criteria": {
      "entered_end": "2024-11-17 20:58:07 +0000"
    },
    "done": true
  },
  "twilightforest:recipes/transportation/twilight_oak_boat": {
    "criteria": {
      "in_water": "2024-11-17 20:40:32 +0000"
    },
    "done": true
  },
  "twilightforest:recipes/transportation/time_boat": {
    "criteria": {
      "in_water": "2024-11-17 20:40:32 +0000"
    },
    "done": true
  },
  "lootr:1chest": {
    "criteria": {
      "opened_chest": "2024-11-17 21:10:53 +0000"
    },
    "done": true
  },
  "twilightforest:recipes/transportation/mining_boat": {
    "criteria": {
      "in_water": "2024-11-17 20:40:32 +0000"
    },
    "done": true
  },
  "mowziesmobs:steal_ice_crystal": {
    "criteria": {
      "steal_crystal": "2024-11-17 21:12:05 +0000"
    },
    "done": true
  },
  "twilightforest:progress_trophy_pedestal": {
    "criteria": {
      "kill_lich": "2024-11-17 21:07:16 +0000"
    },
    "done": false
  },
  "minecraft:end/kill_dragon": {
    "criteria": {
      "killed_dragon": "2024-11-17 21:02:15 +0000"
    },
    "done": true
  },
  "minecraft:recipes/building_blocks/bookshelf": {
    "criteria": {
      "has_book": "2024-11-17 21:08:15 +0000"
    },
    "done": true
  },
  "minecraft:recipes/misc/book": {
    "criteria": {
      "has_paper": "2024-11-17 21:08:16 +0000"
    },
    "done": true
  },
  "twilightforest:progress_labyrinth": {
    "criteria": {
      "kill_lich": "2024-11-17 21:07:16 +0000"
    },
    "done": false
  },
  "minecraft:recipes/combat/bow": {
    "criteria": {
      "has_string": "2024-11-17 21:06:47 +0000"
    },
    "done": true
  },
  "twilightforest:progress_hydra": {
    "criteria": {
      "kill_hydra": "2024-11-17 21:10:04 +0000",
      "trophy": "2024-11-17 21:10:07 +0000",
      "was_in_fight": "2024-11-17 21:10:04 +0000"
    },
    "done": false
  },
  "securitycraft:recipes/building_blocks/reinforced_chiseled_bookshelf": {
    "criteria": {
      "has_book": "2024-11-17 21:08:15 +0000"
    },
    "done": true
  },
  "twilightforest:recipes/transportation/mangrove_boat": {
    "criteria": {
      "in_water": "2024-11-17 20:40:32 +0000"
    },
    "done": true
  },
  "minecraft:recipes/tools/fishing_rod": {
    "criteria": {
      "has_string": "2024-11-17 21:06:47 +0000"
    },
    "done": true
  },
  "twilightforest:recipes/misc/material/armor_shard_cluster": {
    "criteria": {
      "has_item": "2024-11-17 21:07:04 +0000"
    },
    "done": true
  },
  "twilightforest:recipes/transportation/transformation_boat": {
    "criteria": {
      "in_water": "2024-11-17 20:40:32 +0000"
    },
    "done": true
  },
  "minecraft:recipes/building_blocks/chiseled_bookshelf": {
    "criteria": {
      "has_book": "2024-11-17 21:08:15 +0000"
    },
    "done": true
  },
  "twilightforest:recipes/misc/equipment/fiery_ingot_crafting": {
    "criteria": {
      "has_item": "2024-11-17 21:10:08 +0000"
    },
    "done": true
  },
  "securitycraft:recipes/building_blocks/reinforced_bookshelf": {
    "criteria": {
      "has_book": "2024-11-17 21:08:15 +0000"
    },
    "done": true
  },
  "lootr:root": {
    "criteria": {
      "always_true": "2024-11-17 20:30:15 +0000"
    },
    "done": true
  },
  "nethersdelight:recipes/misc/iron_nugget_from_smelting_machete": {
    "criteria": {
      "has_iron_machete": "2024-11-17 20:44:17 +0000"
    },
    "done": true
  },
  "twilightforest:recipes/combat/equipment/fiery_fiery_chestplate": {
    "criteria": {
      "has_item": "2024-11-17 21:10:08 +0000"
    },
    "done": true
  },
  "minecraft:recipes/transportation/spruce_boat": {
    "criteria": {
      "in_water": "2024-11-17 20:40:32 +0000"
    },
    "done": true
  },
  "minecraft:recipes/transportation/birch_boat": {
    "criteria": {
      "in_water": "2024-11-17 20:40:32 +0000"
    },
    "done": true
  },
  "minecraft:recipes/transportation/oak_boat": {
    "criteria": {
      "in_water": "2024-11-17 20:40:32 +0000"
    },
    "done": true
  },
  "twilightforest:progress_ur_ghast": {
    "criteria": {
      "trophy": "2024-11-17 20:45:50 +0000"
    },
    "done": false
  },
  "mowziesmobs:kill_frostmaw": {
    "criteria": {
      "frostmaw": "2024-11-17 21:12:07 +0000"
    },
    "done": true
  },
  "minecraft:recipes/transportation/mangrove_boat": {
    "criteria": {
      "in_water": "2024-11-17 20:40:32 +0000"
    },
    "done": true
  },
  "call_of_yucutan:obtain_both_weapons": {
    "criteria": {
      "obtain_both_weapons_0": "2024-11-17 20:48:13 +0000"
    },
    "done": false
  },
  "twilightforest:giants": {
    "criteria": {
      "giant": "2024-11-17 21:09:04 +0000"
    },
    "done": false
  },
  "supplementaries:recipes/notice_board": {
    "criteria": {
      "has_paper": "2024-11-17 21:08:16 +0000"
    },
    "done": true
  },
  "twilightforest:recipes/transportation/canopy_boat": {
    "criteria": {
      "in_water": "2024-11-17 20:40:32 +0000"
    },
    "done": true
  },
  "minecraft:recipes/tools/flint_and_steel": {
    "criteria": {
      "has_obsidian": "2024-11-17 20:51:25 +0000"
    },
    "done": true
  },
  "twilightforest:recipes/transportation/dark_boat": {
    "criteria": {
      "in_water": "2024-11-17 20:40:32 +0000"
    },
    "done": true
  },
  "twilightforest:recipes/decorations/berry_torch": {
    "criteria": {
      "has_item": "2024-11-17 21:12:21 +0000"
    },
    "done": true
  },
  "farmersdelight:main/root": {
    "criteria": {
      "seeds": "2024-11-17 20:29:55 +0000"
    },
    "done": true
  },
  "nethersdelight:recipes/misc/iron_nugget_from_blasting_machete": {
    "criteria": {
      "has_iron_machete": "2024-11-17 20:44:17 +0000"
    },
    "done": true
  },
  "twilightforest:recipes/tools/equipment/fiery_iron_pickaxe": {
    "criteria": {
      "has_item": "2024-11-17 21:10:08 +0000"
    },
    "done": true
  },
  "twilightforest:progress_yeti": {
    "criteria": {
      "fur": "2024-11-17 21:05:20 +0000",
      "previous_progression": "2024-11-17 21:07:16 +0000",
      "yeti": "2024-11-17 21:04:27 +0000",
      "was_in_fight": "2024-11-17 21:04:27 +0000"
    },
    "done": true
  },
  "minecraft:recipes/building_blocks/white_wool_from_string": {
    "criteria": {
      "has_string": "2024-11-17 21:06:47 +0000"
    },
    "done": true
  },
  "minecraft:end/root": {
    "criteria": {
      "entered_end": "2024-11-17 20:58:07 +0000"
    },
    "done": true
  },
  "minecraft:recipes/decorations/cartography_table": {
    "criteria": {
      "has_paper": "2024-11-17 21:08:16 +0000"
    },
    "done": true
  },
  "minecraft:adventure/kill_a_mob": {
    "criteria": {
      "minecraft:ender_dragon": "2024-11-17 21:02:15 +0000"
    },
    "done": true
  },
  "minecraft:adventure/adventuring_time": {
    "criteria": {
      "minecraft:plains": "2024-11-17 20:30:16 +0000"
    },
    "done": false
  },
  "mowziesmobs:kill_umvuthi": {
    "criteria": {
      "barako": "2024-11-17 21:11:53 +0000"
    },
    "done": true
  },
  "twilightforest:recipes/combat/equipment/fiery_fiery_helmet": {
    "criteria": {
      "has_item": "2024-11-17 21:10:08 +0000"
    },
    "done": true
  },
  "twilightforest:recipes/transportation/sorting_boat": {
    "criteria": {
      "in_water": "2024-11-17 20:40:32 +0000"
    },
    "done": true
  },
  "minecraft:recipes/redstone/tnt": {
    "criteria": {
      "has_gunpowder": "2024-11-17 21:09:30 +0000"
    },
    "done": true
  },
  "minecraft:recipes/decorations/enchanting_table": {
    "criteria": {
      "has_obsidian": "2024-11-17 20:51:25 +0000"
    },
    "done": true
  },
  "minecraft:recipes/decorations/loom": {
    "criteria": {
      "has_string": "2024-11-17 21:06:47 +0000"
    },
    "done": true
  },
  "minecraft:recipes/transportation/dark_oak_boat": {
    "criteria": {
      "in_water": "2024-11-17 20:40:32 +0000"
    },
    "done": true
  },
  "DataVersion": 3465
}