{
  "botania:main/bauble_wear": {
    "criteria": {
      "code_triggered": "2024-11-17 20:53:10 +0000"
    },
    "done": true
  },
  "sosorgans:grant_book_on_first_join": {
    "criteria": {
      "tick": "2024-11-17 20:41:45 +0000"
    },
    "done": true
  },
  "minecraft:recipes/decorations/crafting_table": {
    "criteria": {
      "unlock_right_away": "2024-11-17 20:41:45 +0000"
    },
    "done": true
  },
  "minecraft:recipes/decorations/chest": {
    "criteria": {
      "has_lots_of_items": "2024-11-17 20:49:50 +0000"
    },
    "done": true
  },
  "minecraft:adventure/kill_all_mobs": {
    "criteria": {
      "minecraft:enderman": "2024-11-17 20:44:49 +0000"
    },
    "done": false
  },
  "mowziesmobs:root": {
    "criteria": {
      "custom_test_name": "2024-11-17 20:41:45 +0000"
    },
    "done": true
  },
  "dungeons_arise:wda_root": {
    "criteria": {
      "WDA": "2024-11-17 20:41:45 +0000"
    },
    "done": true
  },
  "minecraft:adventure/root": {
    "criteria": {
      "killed_something": "2024-11-17 20:44:49 +0000"
    },
    "done": true
  },
  "betterdungeons:root": {
    "criteria": {
      "always": "2024-11-17 20:41:45 +0000"
    },
    "done": true
  },
  "alexsmobs:alexsmobs/root": {
    "criteria": {
      "useitem": "2024-11-17 20:42:35 +0000"
    },
    "done": true
  },
  "lootr:root": {
    "criteria": {
      "always_true": "2024-11-17 20:41:45 +0000"
    },
    "done": true
  },
  "minecraft:husbandry/root": {
    "criteria": {
      "consumed_item": "2024-11-17 20:42:35 +0000"
    },
    "done": true
  },
  "call_of_yucutan:obtain_both_weapons": {
    "criteria": {
      "obtain_both_weapons_0": "2024-11-17 20:45:33 +0000"
    },
    "done": false
  },
  "farmersdelight:main/root": {
    "criteria": {
      "seeds": "2024-11-17 20:41:44 +0000"
    },
    "done": true
  },
  "minecraft:adventure/kill_a_mob": {
    "criteria": {
      "minecraft:enderman": "2024-11-17 20:44:49 +0000"
    },
    "done": true
  },
  "minecraft:adventure/adventuring_time": {
    "criteria": {
      "minecraft:plains": "2024-11-17 20:41:45 +0000"
    },
    "done": false
  },
  "DataVersion": 3465
}